Workbook

Sheet Data_Booking
A1: Booking Date | B1: Customer | C1: Mode | D1: Booking Qty | E1: Processing Time (Min) | F1: Status | G1: System Issue | H1: Week | I1: Month | J1: PIC | K1: Remark
A2: 46225 | B2: SDVN | C2: Sea | D2: 3 | E2: 3 | F2: Normal | G2: No | H2: =WEEKNUM(A2,2) -> 30 | I2: =TEXT(A2,"mmm-yyyy") -> Jul-2026 | J2: Ngọc
A3: 46226 | B3: SDVN | C3: Air | D3: 1 | E3: 5 | F3: Slow | G3: Yes | H3: =WEEKNUM(A3,2) -> 30 | I3: =TEXT(A3,"mmm-yyyy") -> Jul-2026 | J3: Ngọc | K3: Hệ thống phản hồi chậm
A4: 46226 | B4: NGSDVN | C4: Air | D4: 3 | E4: 5 | F4: Slow | G4: Yes | H4: =WEEKNUM(A4,2) -> 30 | I4: =TEXT(A4,"mmm-yyyy") -> Jul-2026 | J4: Ngọc | K4: Hệ thống phản hồi chậm
A5: 46227 | B5: SDVN | C5: Air | D5: 8 | E5: 5 | F5: Slow | G5: Yes | H5: =WEEKNUM(A5,2) -> 30 | I5: =TEXT(A5,"mmm-yyyy") -> Jul-2026 | J5: Ngọc | K5: Hệ thống phản hồi chậm
A6: 46227 | B6: NGSDVN | C6: Air | D6: 2 | E6: 5 | F6: Slow | G6: Yes | H6: =WEEKNUM(A6,2) -> 30 | I6: =TEXT(A6,"mmm-yyyy") -> Jul-2026 | J6: Ngọc | K6: Hệ thống phản hồi chậm
A7: 46230 | B7: SDVN | C7: Air | D7: 3 | E7: 6.5 | F7: Slow | G7: Yes | H7: =WEEKNUM(A7,2) -> 31 | I7: =TEXT(A7,"mmm-yyyy") -> Jul-2026 | J7: Ngọc | K7: Hệ thống phản hồi chậm

Sheet Data_SI
A1: Submit Date | B1: Customer | C1: Mode | D1: SI Qty | E1: Processing Time (Min) | F1: Status | G1: System Issue | H1: Week | I1: Month | J1: PIC | K1: Remark
A2: 46230 | B2: SDVN | C2: Sea | D2: 2 | E2: 5 | F2: Normal | G2: No | H2: =WEEKNUM(A2,2) -> 31 | I2: =TEXT(A2,"mmm-yyyy") -> Jul-2026 | J2: Ngọc

Sheet Data_CustomerActive
A1: Customer | B1: Customer Code | C1: Start Using YVF | D1: Status | E1: Target Booking/Year | F1: Actual Booking YTD | G1: Achievement % | H1: Actual This Month
A2: SUMIDENSO VIET NAM.CO.,LTD | B2: SDVN | C2: 46076 | D2: Active | E2: 400 | F2: =SUMIFS(Data_Booking!$D:$D,Data_Booking!$B:$B,$B2,Data_Booking!$A:$A,">="&DATE(YEAR(TODAY()),1,1),Data_Booking!$A:$A,"<="&TODAY()) -> 15 | G2: =IFERROR(F2/E2,0) -> 0.0375 | H2: =SUMIFS(Data_Booking!$D:$D,Data_Booking!$B:$B,$B2,Data_Booking!$A:$A,">="&EOMONTH(TODAY(),-1)+1,Data_Booking!$A:$A,"<="&EOMONTH(TODAY(),0)) -> 15
A3: NGHIA AN BRANCH - SUMIDENSO VIETNAM CO LTD | B3: NGSDVN | C3: 46226 | D3: Active | E3: 50 | F3: =SUMIFS(Data_Booking!$D:$D,Data_Booking!$B:$B,$B3,Data_Booking!$A:$A,">="&DATE(YEAR(TODAY()),1,1),Data_Booking!$A:$A,"<="&TODAY()) -> 5 | G3: =IFERROR(F3/E3,0) -> 0.1 | H3: =SUMIFS(Data_Booking!$D:$D,Data_Booking!$B:$B,$B3,Data_Booking!$A:$A,">="&EOMONTH(TODAY(),-1)+1,Data_Booking!$A:$A,"<="&EOMONTH(TODAY(),0)) -> 5
A4: IKKA TECHNOLOGY VIETNAM CO.,LTD | B4: IKKA | D4: Active | E4: 0 | F4: =SUMIFS(Data_Booking!$D:$D,Data_Booking!$B:$B,$B4,Data_Booking!$A:$A,">="&DATE(YEAR(TODAY()),1,1),Data_Booking!$A:$A,"<="&TODAY()) -> 0 | G4: =IFERROR(F4/E4,0) -> 0 | H4: =SUMIFS(Data_Booking!$D:$D,Data_Booking!$B:$B,$B4,Data_Booking!$A:$A,">="&EOMONTH(TODAY(),-1)+1,Data_Booking!$A:$A,"<="&EOMONTH(TODAY(),0)) -> 0
A5: TAISHODO VIETNAM COMPANY LIMITED | B5: TAISHODO | D5: Active | E5: 0 | F5: =SUMIFS(Data_Booking!$D:$D,Data_Booking!$B:$B,$B5,Data_Booking!$A:$A,">="&DATE(YEAR(TODAY()),1,1),Data_Booking!$A:$A,"<="&TODAY()) -> 0 | G5: =IFERROR(F5/E5,0) -> 0 | H5: =SUMIFS(Data_Booking!$D:$D,Data_Booking!$B:$B,$B5,Data_Booking!$A:$A,">="&EOMONTH(TODAY(),-1)+1,Data_Booking!$A:$A,"<="&EOMONTH(TODAY(),0)) -> 0
A6: SUMIDEN VIETNAM AUTOMOTIVE WIRE LTD., CO | B6: SVAW | D6: Active | E6: 0 | F6: =SUMIFS(Data_Booking!$D:$D,Data_Booking!$B:$B,$B6,Data_Booking!$A:$A,">="&DATE(YEAR(TODAY()),1,1),Data_Booking!$A:$A,"<="&TODAY()) -> 0 | G6: =IFERROR(F6/E6,0) -> 0 | H6: =SUMIFS(Data_Booking!$D:$D,Data_Booking!$B:$B,$B6,Data_Booking!$A:$A,">="&EOMONTH(TODAY(),-1)+1,Data_Booking!$A:$A,"<="&EOMONTH(TODAY(),0)) -> 0
F7: =SUMIFS(Data_Booking!$D:$D,Data_Booking!$B:$B,$B7,Data_Booking!$A:$A,">="&DATE(YEAR(TODAY()),1,1),Data_Booking!$A:$A,"<="&TODAY()) -> 0 | G7: =IFERROR(F7/E7,0) -> 0 | H7: =SUMIFS(Data_Booking!$D:$D,Data_Booking!$B:$B,$B7,Data_Booking!$A:$A,">="&EOMONTH(TODAY(),-1)+1,Data_Booking!$A:$A,"<="&EOMONTH(TODAY(),0)) -> 0
F8: =SUMIFS(Data_Booking!$D:$D,Data_Booking!$B:$B,$B8,Data_Booking!$A:$A,">="&DATE(YEAR(TODAY()),1,1),Data_Booking!$A:$A,"<="&TODAY()) -> 0 | G8: =IFERROR(F8/E8,0) -> 0 | H8: =SUMIFS(Data_Booking!$D:$D,Data_Booking!$B:$B,$B8,Data_Booking!$A:$A,">="&EOMONTH(TODAY(),-1)+1,Data_Booking!$A:$A,"<="&EOMONTH(TODAY(),0)) -> 0
F9: =SUMIFS(Data_Booking!$D:$D,Data_Booking!$B:$B,$B9,Data_Booking!$A:$A,">="&DATE(YEAR(TODAY()),1,1),Data_Booking!$A:$A,"<="&TODAY()) -> 0 | G9: =IFERROR(F9/E9,0) -> 0 | H9: =SUMIFS(Data_Booking!$D:$D,Data_Booking!$B:$B,$B9,Data_Booking!$A:$A,">="&EOMONTH(TODAY(),-1)+1,Data_Booking!$A:$A,"<="&EOMONTH(TODAY(),0)) -> 0
F10: =SUMIFS(Data_Booking!$D:$D,Data_Booking!$B:$B,$B10,Data_Booking!$A:$A,">="&DATE(YEAR(TODAY()),1,1),Data_Booking!$A:$A,"<="&TODAY()) -> 0 | G10: =IFERROR(F10/E10,0) -> 0 | H10: =SUMIFS(Data_Booking!$D:$D,Data_Booking!$B:$B,$B10,Data_Booking!$A:$A,">="&EOMONTH(TODAY(),-1)+1,Data_Booking!$A:$A,"<="&EOMONTH(TODAY(),0)) -> 0
F11: =SUMIFS(Data_Booking!$D:$D,Data_Booking!$B:$B,$B11,Data_Booking!$A:$A,">="&DATE(YEAR(TODAY()),1,1),Data_Booking!$A:$A,"<="&TODAY()) -> 0 | G11: =IFERROR(F11/E11,0) -> 0 | H11: =SUMIFS(Data_Booking!$D:$D,Data_Booking!$B:$B,$B11,Data_Booking!$A:$A,">="&EOMONTH(TODAY(),-1)+1,Data_Booking!$A:$A,"<="&EOMONTH(TODAY(),0)) -> 0
F12: =SUMIFS(Data_Booking!$D:$D,Data_Booking!$B:$B,$B12,Data_Booking!$A:$A,">="&DATE(YEAR(TODAY()),1,1),Data_Booking!$A:$A,"<="&TODAY()) -> 0 | G12: =IFERROR(F12/E12,0) -> 0 | H12: =SUMIFS(Data_Booking!$D:$D,Data_Booking!$B:$B,$B12,Data_Booking!$A:$A,">="&EOMONTH(TODAY(),-1)+1,Data_Booking!$A:$A,"<="&EOMONTH(TODAY(),0)) -> 0
F13: =SUMIFS(Data_Booking!$D:$D,Data_Booking!$B:$B,$B13,Data_Booking!$A:$A,">="&DATE(YEAR(TODAY()),1,1),Data_Booking!$A:$A,"<="&TODAY()) -> 0 | G13: =IFERROR(F13/E13,0) -> 0 | H13: =SUMIFS(Data_Booking!$D:$D,Data_Booking!$B:$B,$B13,Data_Booking!$A:$A,">="&EOMONTH(TODAY(),-1)+1,Data_Booking!$A:$A,"<="&EOMONTH(TODAY(),0)) -> 0
F14: =SUMIFS(Data_Booking!$D:$D,Data_Booking!$B:$B,$B14,Data_Booking!$A:$A,">="&DATE(YEAR(TODAY()),1,1),Data_Booking!$A:$A,"<="&TODAY()) -> 0 | G14: =IFERROR(F14/E14,0) -> 0 | H14: =SUMIFS(Data_Booking!$D:$D,Data_Booking!$B:$B,$B14,Data_Booking!$A:$A,">="&EOMONTH(TODAY(),-1)+1,Data_Booking!$A:$A,"<="&EOMONTH(TODAY(),0)) -> 0
F15: =SUMIFS(Data_Booking!$D:$D,Data_Booking!$B:$B,$B15,Data_Booking!$A:$A,">="&DATE(YEAR(TODAY()),1,1),Data_Booking!$A:$A,"<="&TODAY()) -> 0 | G15: =IFERROR(F15/E15,0) -> 0 | H15: =SUMIFS(Data_Booking!$D:$D,Data_Booking!$B:$B,$B15,Data_Booking!$A:$A,">="&EOMONTH(TODAY(),-1)+1,Data_Booking!$A:$A,"<="&EOMONTH(TODAY(),0)) -> 0
F16: =SUMIFS(Data_Booking!$D:$D,Data_Booking!$B:$B,$B16,Data_Booking!$A:$A,">="&DATE(YEAR(TODAY()),1,1),Data_Booking!$A:$A,"<="&TODAY()) -> 0 | G16: =IFERROR(F16/E16,0) -> 0 | H16: =SUMIFS(Data_Booking!$D:$D,Data_Booking!$B:$B,$B16,Data_Booking!$A:$A,">="&EOMONTH(TODAY(),-1)+1,Data_Booking!$A:$A,"<="&EOMONTH(TODAY(),0)) -> 0
F17: =SUMIFS(Data_Booking!$D:$D,Data_Booking!$B:$B,$B17,Data_Booking!$A:$A,">="&DATE(YEAR(TODAY()),1,1),Data_Booking!$A:$A,"<="&TODAY()) -> 0 | G17: =IFERROR(F17/E17,0) -> 0 | H17: =SUMIFS(Data_Booking!$D:$D,Data_Booking!$B:$B,$B17,Data_Booking!$A:$A,">="&EOMONTH(TODAY(),-1)+1,Data_Booking!$A:$A,"<="&EOMONTH(TODAY(),0)) -> 0
F18: =SUMIFS(Data_Booking!$D:$D,Data_Booking!$B:$B,$B18,Data_Booking!$A:$A,">="&DATE(YEAR(TODAY()),1,1),Data_Booking!$A:$A,"<="&TODAY()) -> 0 | G18: =IFERROR(F18/E18,0) -> 0 | H18: =SUMIFS(Data_Booking!$D:$D,Data_Booking!$B:$B,$B18,Data_Booking!$A:$A,">="&EOMONTH(TODAY(),-1)+1,Data_Booking!$A:$A,"<="&EOMONTH(TODAY(),0)) -> 0
... F100: =SUMIFS(Data_Booking!$D:$D,Data_Booking!$B:$B,$B100,Data_Booking!$A:$A,">="&DATE(YEAR(TODAY()),1,1),Data_Booking!$A:$A,"<="&TODAY()) -> 0 | G100: =IFERROR(F100/E100,0) -> 0 | H100: =SUMIFS(Data_Booking!$D:$D,Data_Booking!$B:$B,$B100,Data_Booking!$A:$A,">="&EOMONTH(TODAY(),-1)+1,Data_Booking!$A:$A,"<="&EOMONTH(TODAY(),0)) -> 0

Sheet Data_Issue
A1: Issue ID | B1: Module | C1: Issue | D1: Impact | E1: Suggestion
A2: IS001 | B2: Booking Tracking | C2: Chỉ có thể tra cứu bằng YVF Booking No., chưa hỗ trợ Carrier Booking No. | D2: Tăng thời gian thao tác khi tra cứu lô hàng | E2: Cho phép tra cứu bằng cả Carrier Booking No. và YVF Booking No.
A3: IS002 | B3: Submit SI | C3: Tại màn hình Submit SI, trường Total Volume hiện đang yêu cầu nhập Gross Weight (GRW). | D3: Tăng nguy cơ nhập sai dữ liệu | E3: Đổi tên trường chính xác Volume (CBM)
A4: IS003 | B4: VGM | C4: VGM vẫn phải submit thủ công qua email cho OFF PIC. | D4: Tăng thao tác thủ công và rủi ro bỏ sót | E4: Bổ sung chức năng Submit VGM trực tiếp trên YVF.

Sheet Customer_Feedback
A1: Feedback ID | B1: Category | C1: Feedback | D1: Type | E1: Source | F1: Status
A2: FB001 | B2: Booking | C2: Thao tác tạo Template nhanh, thuận tiện và dễ sử dụng. | D2: Positive | E2: SDVN | F2: Active
A3: FB002 | B3: Usability | C3: Giao diện đơn giản, người dùng dễ làm quen. | D3: Positive | E3: SDVN | F3: Active
A4: FB003 | B4: Usability / Performance | C4: Từ ngày 22/7, hiệu năng hệ thống giảm rõ rệt. Thời gian tạo Booking Request kéo dài và hệ thống thường xuyên bị đơ trong quá trình thao tác. | D4: Negative | E4: SDVN | F4: Active
